li jo e	910
li pana e	777
li toki e	671
li pali e	493
li lukin e	414
li wile e	374
li sona e	337
li moku e	227
li pilin e	224
li kama jo e	209
li pakala e	192
li lawa e	183
li jo ala e	172
li kepeken e	160
li weka e	142
li olin e	139
li sona ala e	138
li kama sona e	100
li ken pali e	91
li wile pali e	91
li pini e	90
li sitelen e	88
li wile ala e	83
li open e	82
li pona e	81
li kute e	78
li moli e	78
li alasa e	76
li lon e	76
li wile sona e	72
li sama e	70
li ken pana e	69
li telo e	67
li ken lukin e	65
li utala e	59
li wile pana e	58
li pana ala e	53
li awen e	52
li tawa e	50
li wile lukin e	46
li pali ala e	45
li seli e	44
li ante e	42
li anpa e	41
li lukin ala e	40
li kama e	39
li wile toki e	38
li jo ala jo e	38
li sona ala sona e	38
li lukin sama e	38
li toki ala e	35
li ken ala pali e	34
li lon ala e	34
li sike e	31
li pilin ala e	31
li kepeken ala e	31
li ken ala lukin e	30
li selo e	30
li wile moku e	29
li ken kepeken e	27
li ken toki e	27
li moku ala e	27
li kama jo esun e	27
li ken pakala e	26
li wile kama jo e	26
li ken lawa e	26
li lukin pali e	25
li toki suli e	25
li esun e	24
li kute ala e	23
li kama jo ike e	23
li ken e	22
li mama e	22
li anu e	22
li len e	21
li wile jo e	21
li nasa e	21
li kama jo ala e	21
li kama lukin e	20
li wile kama sona e	20
li ken sona e	19
li olin ala e	19
li ken pona e	19
li ken kama jo e	19
li ken ala toki e	18
li kalama e	18
li wile lawa e	18
li ken pilin e	18
li wile mute e	17
li ken ala kepeken e	17
li tu e	17
li kule e	17
li ken ala pana e	17
li ken ala e	17
li jo esun e	17
li ken ala pini e	16
li musi e	16
li wile kepeken e	16
li pakala ala e	16
li lukin jo e	16
li lon ala lon e	16
li wile ante e	15
li toki tawa mi e	15
li toki tawa jan <prp> e	14
li uta e	14
li toki wawa e	14
li olin mute e	14
li toki ala toki e	14
li kepeken ike e	14
li wile moli e	13
li wile ala wile e	13
li kama pali e	13
li unpa e	12
li ken ala sona e	12
li sama lukin e	12
li ken ala lawa e	12
li wile kute e	12
li wile ala toki e	12
li kama jo lon esun e	12
li wile pona e	12
li ken ala pilin e	11
li nimi e	11
li ken ala moku e	11
li pana sona e	11
li wile awen e	11
li lawa ala e	11
li moli ala e	10
li ken pini e	10
li sona kin e	10
li ala e	10
li ken open e	10
li pana ala pana e	10
li wile pini e	9
li wile weka e	9
li jo kin e	9
li sama ala e	9
li pali sin e	9
li ken moli e	9
li ken lon e	9
li ken kute e	9
li pini lukin e	9
li jo lukin e	9
li pali sama e	9
li ken weka e	9
li jo lili e	8
li pini ala e	8
li pilin ala pilin e	8
li wile ala pali e	8
li pali ala pali e	8
li kama olin e	8
li sona mute e	8
li weka ala e	8
li olin uta e	8
li pana esun e	8
li pali pona e	7
li olin kin e	7
li ken ala ken pali e	7
li ken kama e	7
li ken kama sona e	7
li open ala e	7
li suli e	7
li wile ala kute e	7
li ken ala pakala e	7
li wile wawa e	7
li ken ante e	7
li wawa e	7
li ken ala pona e	7
li moku taso e	7
li sama pali e	7
li moku mute e	6
li jaki e	6
li wile ala moku e	6
li wan e	6
li wile ala lukin e	6
li lape e	6
li toki mute e	6
li kepeken pona e	6
li lukin wawa e	6
li kama ala jo e	6
li wile open e	6
li moku ala moku e	6
li pana sin e	6
li pilin kin e	6
li ken ala kama jo e	6
li ken pali ala e	6
li luka e	6
li pana kin e	6
li toki ante e	6
li lupa e	6
li ken lukin ala e	6
li alasa esun e	6
li wile pakala e	5
li wile olin e	5
li moku lili e	5
li wile unpa e	5
li wile alasa e	5
li sewi e	5
li sitelen ala e	5
li pini pana e	5
li utala ala e	5
li ken pali pona e	5
li kama pana e	5
li pana tawa mi e	5
li pakala lili e	5
li lukin pona e	5
li sona ala kin e	5
li sona pi pona mute e	5
li ante ala e	5
li sona pona e	5
li lukin ala lukin e	5
li ken anpa e	5
li pilin sama e	5
li wile ala kepeken e	5
li tawa weka e	5
li toki sin e	5
li wile anu e	5
li pali kin e	5
li wile utala e	5
li tawa sewi e	5
li toki sama e	5
li pakala uta e	5
li wile pilin e	5
li ken luka e	5
li tawa sike e	5
li wile ala pana e	5
li kama ala sona e	5
li kama wile e	5
li lon kin e	5
li toki kin e	5
li ken ala weka e	5
li lukin lili e	4
li kama lon e	4
li ike e	4
li kama pini e	4
li wile ala jo e	4
li wile ala wile pali e	4
li suno e	4
li awen ala e	4
li sona wawa e	4
li pimeja e	4
li ken moku e	4
li telo ala e	4
li wile ala kama jo e	4
li ken ala awen e	4
li ken ala ante e	4
li pini pali e	4
li wile taso e	4
li sama lili e	4
li jo mute e	4
li ken jo e	4
li ken anu e	4
li tawa wawa e	4
li wile anpa e	4
li lukin taso e	4
li wile kama wan e	3
li ken ala jo e	3
li lawa pona e	3
li ken ala ken toki e	3
li pini pona e	3
li noka e	3
li insa e	3
li ken ala sitelen e	3
li sona lili e	3
li olin ala olin e	3
li tawa lukin e	3
li mute e	3
li olin lili e	3
li wile sitelen e	3
li ken ala open e	3
li pana tawa jan <prp> e	3
li pana pona e	3
li wile lukin sin e	3
li ken ala olin e	3
li utala wawa e	3
li sitelen sin e	3
li kiwen uta e	3
li wile kin e	3
li ken awen e	3
li lawa ala lawa e	3
li pona sin e	3
li lawa ike e	3
li toki tawa sina e	3
li ali e	3
li jo ala kin e	3
li pini moku e	3
li open pana e	3
li ken ala alasa e	3
li open pali e	3
li pali weka e	3
li lukin sama lili e	3
li wile ala pilin e	3
li wile lukin jo e	3
li kama sona ala e	3
li wile kama jo esun e	3
li kepeken ala kepeken e	3
li ken ala anu e	3
li ken ala ken kute e	3
li ken ala kute e	3
li ken ala ken lawa e	3
li wile sona taso e	3
li pali seme e	3
li linja e	3
li ken kepeken pona e	3
li ken kama sona ala e	3
li kama ala e	3
li sona lili taso e	3
li ken ala ken pana e	3
li ken lukin taso e	3
li wile pali kin e	3
li ken weka ala e	3
li toki pi kalama wawa e	3
li anpa en lawa e	3
li wile sona mute e	3
li lili e	3
li ilo toki e	3
li ken ala ken pini e	3
li weka ike e	3
li wile telo pona e	2
li wile wawa lukin e	2
li sin e	2
li pilin ante e	2
li ken musi e	2
li ken alasa e	2
li pilin wawa e	2
li kiwen e	2
li suwi e	2
li toki lili e	2
li len ala e	2
li tawa ike e	2
li tawa ala e	2
li kama suli e	2
li lukin mute e	2
li sin pali e	2
li weka musi e	2
li musi ala e	2
li ante mute e	2
li kama sewi e	2
li seli ala seli e	2
li seme e	2
li ike ala e	2
li kalama ike e	2
li wile ala sitelen e	2
li wile ala wile lukin e	2
li ken ala moli e	2
li wile mute moli e	2
li ken ala ken sitelen e	2
li ken sitelen e	2
li jo ala sin e	2
li ken kalama e	2
li sona weka e	2
li ken ala kalama e	2
li toki tawa sama e	2
li sona pali e	2
li ken ala nimi e	2
li kute pona e	2
li moku wawa e	2
li pakala sin e	2
li toki tawa ona e	2
li kalama pona mute e	2
li lukin sin e	2
li pakala ala pakala e	2
li pana tawa ona e	2
li wile kama jo lon esun e	2
li awen lukin e	2
li ken ala ken e	2
li ken tawa e	2
li sitelen ala sitelen e	2
li mama ala e	2
li kulupu e	2
li open pakala e	2
li ken selo e	2
li kalama musi e	2
li lukin tawa mi e	2
li wile kama jo sin e	2
li kepeken mute e	2
li toki taso e	2
li open kama sona e	2
li supa e	2
li lawa sin e	2
li pali pona mute e	2
li ken ala seli e	2
li kama sama e	2
li wile lukin pali e	2
li lon sin e	2
li weka ala weka e	2
li ken ala kama sona e	2
li ken ala tawa e	2
li lete sama e	2
li pana moku e	2
li toki sewi e	2
li wile len e	2
li nanpa ala e	2
li lukin kin e	2
li pilin ala sama e	2
li wile uta e	2
li kama pana ala e	2
li awen olin sin e	2
li ken kepeken pi pona mute e	2
li wile pana ala e	2
li utala kin e	2
li kama lawa e	2
li pakala mute e	2
li ken kepeken sin e	2
li poka e	2
li kama kepeken e	2
li lawa taso e	2
li luka kiwen e	2
li pona ala e	2
li pona tawa e	2
li suno sama e	2
li wile pali ala e	2
li luka lili e	2
li ken kepeken pona mute e	2
li ken toki ala e	2
li sona seli pi pona mute e	2
li kama sona ike e	2
li awen ala jo e	2
li awen ala sona e	2
li lukin pana e	2
li wile sona tan jan <prp> e	2
li ken toki ante e	2
li lon sinpin e	2
li awen ala lukin e	2
li sona a e	2
li lete e	2
li jo pi kama lukin e	2
li pini pakala e	2
li ken ala tawa weka e	2
li tawa insa e	2
li pana mute e	2
li kama monsi e	2
li kute ala kute e	2
li kama jo ike ala e	2
li ken jo lukin e	2
li ken lupa e	2
li ken ala kama lukin e	2
li sona kepeken e	2
li kepeken pi pona mute e	2
li toki pi kalama lili e	2
li pilin uta e	2
li lukin kama jo e	2
li kiwen tawa sina e	2
li jo taso e	2
li lawa mute e	2
li ken lukin pona e	2
li wile kute ala e	2
li wile lon e	2
li pali sin ala e	2
li ken kute ala e	2
li lukin ali e	2
li selo ala selo e	2
li moli ala moli e	2
li pini alasa e	2
li wile ala pakala e	2
li wile ala wile kepeken e	2
li kepeken pona mute e	2
li wile sona tan mi e	2
li pana pi tenpo ijo e	2
li kama ala kama jo e	2
li sona lawa e	2
li pilin mute e	2
li seli mute e	2
li palisa e	2
li wan mute e	2
li luka olin e	2
li sitelen toki e	2
li selo ala e	2
li ken ala ken pona e	2
li ken toki kin e	2
li ken ala ken sona e	2
li kepeken sin e	2
li wile lili e	2
li lukin ala pali e	2
li open sin e	2
li sona ala sona wawa e	2
li awen jo e	2
li kama olin wawa e	2
li ken ala anpa e	2
li wile esun e	2
li ken sona pona e	1
li pana sona wawa e	1
li pona ala lukin e	1
li kama ala lukin e	1
li ken ala sike e	1
li kama pilin ike e	1
li pakala telo e	1
li pilin pona e	1
li lukin lape e	1
li pilin nena e	1
li ken lili anpa e	1
li wile ala sin e	1
li kama tawa pali e	1
li ken lili taso kepeken e	1
li open lili e	1
li sitelen pona e	1
li pali mute e	1
li wile kama sona sin e	1
li ken ala ken kepeken e	1
li toki jaki e	1
li olin wawa e	1
li ken ala kin pilin e	1
li utala noka e	1
li utala ala utala e	1
li telo mute e	1
li pakala lili pona e	1
li pana mani ala e	1
li wawa ala e	1
li ike mute e	1
li wile mute mute e	1
li wile pali taso e	1
li moli lili e	1
li mu ala e	1
li kama pini pona e	1
li pakala ike ala e	1
li toki kama e	1
li pana suli e	1
li toki open e	1
li ken ala moku kin e	1
li ken olin ala e	1
li lukin anpa e	1
li jo lili sin e	1
li kama ken moli e	1
li sama ala sama e	1
li kama weka e	1
li wile sin e	1
li wile ala unpa e	1
li awen ala pilin e	1
li kute ike e	1
li pakala kin e	1
li pini sike sin e	1
li ken tawa musi e	1
li jo lon e	1
li kama jo utala e	1
li alasa ala e	1
li ken ala ken utala e	1
li sona pona mute e	1
li ken ala ken jo e	1
li pana tawa mi mute e	1
li pilin suwi e	1
li sama kin e	1
li pana ike e	1
li toki tawa jan pona ona e	1
li toki tawa ona mute e	1
li olin kin kalama e	1
li sona ala sona toki e	1
li pana lon supa e	1
li kama musi e	1
li kama sona lili e	1
li lukin mute mute e	1
li lawa kin e	1
li ken pona tawa sina e	1
li pana tawa sina e	1
li pini ala pini e	1
li musi wawa mi musi ike e	1
li wile ala wile sitelen e	1
li wile ala kin e	1
li wile ala moli e	1
li ken ala pilin ala e	1
li open kon e	1
li ken pali pona mute e	1
li ken ala kama jo lon esun e	1
li moku sin e	1
li awen wawa e	1
li tawa poka ona e	1
li wile ala kin lukin e	1
li toki wawa tawa jan sewi <prp> e	1
li pana tawa ona mute e	1
li musi pona ala e	1
li pakala ala pakala sin e	1
li sama kepeken ike e	1
li sitelen lon lipu ona e	1
li ken tawa lili e	1
li wan wawa e	1
li sitelen kepeken toki <prp> e	1
li toki pi wawa ala e	1
li pilin ike e	1
li sona ike e	1
li unpa kin e	1
li unpa ala unpa kin e	1
li ken sitelen sin e	1
li open olin e	1
li sitelen sin pona mute e	1
li seli pi pona ali e	1
li wile wawa kama jo e	1
li ken kama jo lon esun e	1
li kama moli e	1
li weka kin e	1
li weka pona tan lawa e	1
li sitelen tawa mi e	1
li toki tu e	1
li lawa sin ala e	1
li wile kin lukin e	1
li musi noka e	1
li uta sin e	1
li kule sin e	1
li ken kin kama sona e	1
li kama pilin e	1
li pana tawa ma <prp> e	1
li wile mute kama sona e	1
li ken kama sona pona mute e	1
li ken ala lili sin e	1
li wile wawa pali e	1
li open tawa e	1
li weka tan oko e	1
li pini ala kin e	1
li utala toki e	1
li wile ala anpa e	1
li awen mute e	1
li wile ala sona e	1
li ken ala kin pali e	1
li pini ike e	1
li sike wawa e	1
li weka wawa e	1
li lon tan ali e	1
li nimi <prp> e	1
li jelo pimeja e	1
li sona ala ante toki e	1
li pona sin utala e	1
li ken sin e	1
li mama pona e	1
li wile ala wile toki e	1
li ken pali pona kin e	1
li olin ike e	1
li toki pona e	1
li lon ni taso mi lukin ala e	1
li wile pali sin e	1
li ken ala awen sona e	1
li jan pali pi pana e	1
li ken alasa pona e	1
li kama ala kama sona e	1
li sona lon ma tomo lili e	1
li awen kin e	1
li open wawa e	1
li jo ala jo kin e	1
li kama sona kin e	1
li pona ala pona sona e	1
li ike mute ali e	1
li kama kin kama sona e	1
li lawa ala sin e	1
li pakala luka e	1
li weka tawa jaki e	1
li jo lili taso e	1
li toki kalama wawa e	1
li ken lon kin e	1
li mu e	1
li lon kama e	1
li pini lukin jo e	1
li pini jo lukin ala e	1
li tawa ante e	1
li wile sona pali e	1
li wile ala wile pana e	1
li jo ala lon sona sina e	1
li awen kin kepeken e	1
li tawa weka lon sewi e	1
li pini kama e	1
li pini lon e	1
li toki ala kin e	1
li kama jo lon telo e	1
li toki seme e	1
li toki poka wan telo pi sike lukin e	1
li pilin akesi ala e	1
li kama taso e	1
li pakala tu e	1
li ken lukin kin e	1
li wile moku kin e	1
li kama olin kin e	1
li ken pakala mute e	1
li tawa ken kulupu e	1
li kama jo nasa e	1
li lukin lon ma e	1
li kama lukin sona e	1
li jo luka e	1
li pini pilin ala e	1
li sitelen pi nimi sina e	1
li seme tan e	1
li lon sona e	1
li pini wawa e	1
li wile kama lon jan pali pi pini e	1
li pana ala sin e	1
li kama mute e	1
li ken pilin musi e	1
li wile selo e	1
li jan e	1
li kin e	1
li ken sona kin e	1
li toki suwi sama e	1
li toki suwi tawa sina e	1
li awen luka sike e	1
li moli pi weka e	1
li wile pali sama e	1
li ken awen luka e	1
li pilin akesi e	1
li kama ala pini e	1
li sama lili mute e	1
li ken ala pana mani e	1
li wile ala wile sona e	1
li kama luka e	1
li kalama musi uta e	1
li awen olin e	1
li wile kepeken ala e	1
li toki mama sina e	1
li kalama sama e	1
li kama ala pakala e	1
li kama jo taso e	1
li wile supa sin e	1
li kiwen sama e	1
li wile lawa seme e	1
li ken wile e	1
li wile ala wile moku e	1
li tomo esun ala tawa lawa e	1
li kama nimi e	1
li wile kama pali e	1
li lukin wawa taso e	1
li lon poka e	1
li wile ala kepeken ike e	1
li ken mama e	1
li kama mama e	1
li sike luka tu e	1
li lukin jo kin e	1
li pini anu e	1
li pana mani e	1
li kama kin e	1
li wawa ala wawa e	1
li ken ala linja e	1
li wile kepeken sin kin e	1
li pana taso e	1
li ken ala pona sin e	1
li toki kalama mute e	1
li kama pali kin e	1
li seli moku e	1
li wile ala wile seli e	1
li seli kin e	1
li seli moku ala e	1
li ken seli pona e	1
li wile lawa kin e	1
li ike tawa e	1
li wile pona sin e	1
li wawa sama e	1
li anpa lon telo e	1
li nanpa e	1
li kama lape e	1
li ken kama jo esun e	1
li ken kama pali sin e	1
li pini pali ala e	1
li seli kin ala e	1
li mani e	1
li kalama pi kepeken luka e	1
li sona seli pi pona lili e	1
li sona seli pi pona nanpa wan e	1
li lukin moli e	1
li lukin sona e	1
li tomo e	1
li kalama kiwen e	1
li ken kalama musi uta e	1
li tawa sike lon anpa e	1
li kama pilin ala e	1
li sona pona seli e	1
li ken ala lukin kama e	1
li kama sona pi sona insa e	1
li wile ala wile awen e	1
li lukin lili taso e	1
li lukin insa e	1
li wile ala toki tawa mi e	1
li pana pakala e	1
li kama lukin sin e	1
li kepeken ko pona tawa e	1
li ken ala kute ala e	1
li lape kin poka e	1
li wile toki ala e	1
li open suno e	1
li lape mute ike tawa ken e	1
li awen a pana e	1
li awen pana e	1
li olin ala pali e	1
li ken ala wan pona e	1
li ken ala mani e	1
li seli o sona e	1
li kama jo wawa e	1
li sama jaki e	1
li kama wile toki e	1
li kulupu wawa e	1
li awen kama sona e	1
li ken ala len e	1
li awen len e	1
li ken ala pilin kin e	1
li sona pona lukin e	1
li toki ala tawa jan <prp> e	1
li pana pi esun ala e	1
li toki kiwen e	1
li lukin tawa e	1
li ken ko e	1
li pana pi mute ike e	1
li pona uta lon insa e	1
li kama sama anpa e	1
li weka sewi e	1
li ken lukin tawa kama jo e	1
li ken weka pona lon sona ona e	1
li pini kute e	1
li wile lukin tawa sona e	1
li sona ala mute e	1
li kama jo tan lukin e	1
li weka lon sona e	1
li pali mute en wawa e	1
li wile kama lukin e	1
li toki tawa meli lili e	1
li ken pana kule walo taso e	1
li lukin tawa jan e	1
li lukin weka e	1
li awen moku e	1
li alasa pi mute ike e	1
li lawa lukin e	1
li wile lon sama e	1
li utala lili e	1
li tawa weka ala e	1
li wile kama pilin e	1
li pali taso e	1
li lon taso e	1
li lukin ala kin e	1
li ken ala kama jo pi pana mani e	1
li ken toki tawa sina e	1
li lon ala lon anu sina pana ala pana e	1
li sama pona lukin e	1
li awen lili e	1
li nasa kin e	1
li seli lon anpa e	1
li toki ante kin e	1
li pakala pi palisa lili e	1
li sitelen pi jelo mani e	1
li wile tawa weka e	1
li kepeken ilo utala tawa moli e	1
li lupa taso e	1
li toki tawa jan pali pi tomo tawa e	1
li toki ike e	1
li wile ken sona e	1
li lili ike tawa lukin e	1
li pini pali tan jan seme en toki e	1
li ijo e	1
li ken lili e	1
li kama anpa e	1
li ken pini seme e	1
li wile nanpa e	1
li lon pakala e	1
li suli tawa sona e	1
li ken pana kin ala e	1
li wile lukin ala en kute ala e	1
li ken sona pi pona mute e	1
li kama jo esun ala kin e	1
li sona pi mute ali e	1
li pali lon seme e	1
li lukin sama mi e	1
li ken toki ala tawa jan ante e	1
li lawa pona mute e	1
li anpa mute e	1
li ken lawa pona mute e	1
li wile pali sin ala e	1
li pilin akesi tawa pali e	1
li wile toki en pali e	1
li wile sona tan suno insa pi jan <prp> e	1
li ken lukin en kute ala e	1
li toki sewi pi mute nasa e	1
li wile lukin ala e	1
li toki ike tawa jan <prp> e	1
li wile jo kin e	1
li lukin tawa kulupu e	1
li ken luka awen e	1
li nasin sama e	1
li wile moku mute e	1
li toki ike en anpa e	1
li wile mute lawa e	1
li ken lukin ala kin e	1
li ken pali ala taso kepeken e	1
li ken jaki ala e	1
li utala sama e	1
li lon anu lon e	1
li kama lon monsi e	1
li kama lon poka e	1
li sama lon e	1
li lukin lon e	1
li ken sona ala e	1
li ken anu ala e	1
li toki suli mute e	1
li awen wile e	1
li kepeken kiwen luka en walo uta ona tawa pakala e	1
li pilin lili e	1
li kama lon wan tawa kepeken utala e	1
li kepeken kiwen tawa pali e	1
li kepeken poka lili e	1
li sona ali e	1
li wile jo taso e	1
li lon ala kin e	1
li lili taso tawa weka e	1
li sama toki pi kalama mute kin e	1
li sama wawa e	1
li ken tu ala e	1
li ken lawa ala e	1
li pona pali e	1
li toki tawa mije ni e	1
li toki musi ike tawa mije pi tenpo sike lili e	1
li ken sitelen ala e	1
li awen lukin wawa e	1
li toki utala e	1
li lon tawa jan <prp> sama e	1
li wile pali weka e	1
li olin taso e	1
li kute taso e	1
li ken pilin ala lon pilin ona sama e	1
li olin pi kepeken unpa ala e	1
li wile pona ala e	1
li olin nasa mute e	1
li lawa pi mute ali e	1
li sona ala sona kin e	1
li kepeken pi tenpo wawa ike e	1
li kepeken uta ona tawa olin e	1
li kepeken noka ona tawa moli e	1
li ken lon taso e	1
li sama lili lukin e	1
li toki tawa jan <prp> en jan <prp> e	1
li pini lukin ala e	1
li wile pali seme e	1
li moku ala lon pini e	1
li kama sama loje e	1
li toki suli tawa mi e	1
li wile pana esun e	1
li selo pi lukin ala e	1
li lawa esun e	1
li lukin en kama jo e	1
li lukin lon sona ona e	1
li sitelen lukin e	1
li wile kepeken pona e	1
li wile lawa pona e	1
li wile sona ala e	1
li wile pali pona e	1
li weka lon sona ona e	1
li kepeken mute ike e	1
li toki suli ala e	1
li kama moku e	1
li ken pana ala e	1
li ken ala ken lukin e	1
li ken pona kute e	1
li anpa ala anpa e	1
li wile mute lukin e	1
li ken ala pona kute e	1
li ken ala lukin lon sona ona e	1
li awen toki e	1
li unpa uta e	1
li lawa mama e	1
li wile ala awen olin e	1
li ken pana sona e	1
li wile awen sona e	1
li moku pona e	1
li sijelo ante e	1
li kama wawa sama e	1
li olin sin e	1
li kama lon anpa e	1
li pona tawa mi e	1
li jo sama e	1
li musi ala tawa mi e	1
li ken nanpa e	1
li ken ala lukin lon sona e	1
li pana pi mute ali e	1
li ken ala pana esun e	1
li weka tan ma tomo e	1
li pilin utala e	1
li ken ala ken kama jo e	1
li lukin luka e	1
li sin lukin e	1
li ken ala lukin ala e	1
li utala kepeken e	1
li ken tu e	1
li lon taso mi kama lukin e	1
li sama ni e	1
li pini weka e	1
li pini tawa open e	1
li lukin pini e	1
li olin nasa e	1
li wile pona mute e	1
li wile wan e	1
li seli sama e	1
li lon sewi e	1
li toki wawa ala e	1
li pana lukin e	1
li unpa nasa e	1
li ken tawa insa e	1
li pakala ali e	1
li kule pimeja e	1
li moku kin e	1
li tawa pona e	1
li jo ala mute e	1
li ken ala nasa e	1
li ken ala kama e	1
li wile sama e	1
li wile ala lipu e	1
li kama insa e	1
li jo mute ike e	1
li tawa anpa e	1
li sona ala toki e	1
li sin ali e	1
li kama jo ala taso e	1
li utala unpa e	1
li olin kalama musi uta e	1
li ken pona sin e	1
li kute pona mute e	1
li ken ala wile e	1
li ken ala musi e	1
li kama jo kin e	1
li moku pi mute ike e	1
li ken ala ken kalama e	1
li sona insa e	1
li sinpin e	1
li wile pilin sama e	1
li wile lon wan tawa pali e	1
li jo mute kin e	1
li ken pona kepeken e	1
li olin uta ala e	1
li ken lukin sona e	1
li suli mute e	1
li ken pana taso e	1
li kama telo e	1
li ken ala kama sona insa e	1
li wile a kama sona e	1
li wile toki kin e	1
li wile awen jo e	1
li ken ala ken open e	1
li toki weka e	1
li ken kepeken wawa e	1
li ken utala e	1
li wile telo mute e	1
li pana wawa e	1
li pali pi wile ona e	1
li luka sike en olin uta e	1
li sona ala lukin e	1
li pilin sona e	1
li seli pi pona mute tawa telo e	1
li pilin tan ona sama e	1
li pana a e	1
li sona ala kama jo e	1
li jo insa e	1
li lon insa e	1
li ken ala pali kin e	1
li ken ala sitelen insa e	1
li wile olin kin e	1
li pana weka e	1
li kepeken taso e	1
li lukin pali alasa e	1
li lukin lawa e	1
li ala sin e	1
li sona seli e	1
li suli sama e	1
li ken pali pi pona lili e	1
li sona ala lawa e	1
li len pona e	1
li nena e	1
li sona ala seli e	1
li nasa ala tawa mi e	1
li toki tawa sona e	1
li lawa pi pona mute e	1
li lawa pi pona taso e	1
li ken jo awen e	1
li ken tawa sewi e	1
li sitelen kule e	1
li wile tu e	1
li ike sama e	1
li wile pi mute ike e	1
li wile lukin ala kin e	1
li sona <prp> tawa e	1
li wile ala esun e	1
li awen sama e	1
li ken pana esun e	1
li ken kepeken lili taso e	1
li wile kepeken taso e	1
li ken pana kiwen taso e	1
li wile nasa e	1
li sona mute kin e	1
li pona lawa e	1
li ken pakala taso e	1
li kin ala kin e	1
li kepeken ala kepeken mute e	1
li toki ala sin e	1
li toki tawa jan pi toki <prp> e	1
li ken ala toki sin e	1
li wile jo esun e	1
li anu sin e	1
li awen sona e	1
li ken kin e	1
li mute tawa alasa e	1
li wawa ona tawa musi e	1
li ken jo esun e	1
li lukin pali toki e	1
li wile ala open e	1
li toki tawa mama meli mi e	1
li ken ala pini kepeken e	1
li wile ala ante e	1
li wile toki sin e	1
li pona sama e	1
li kule ala e	1
li ken toki sin e	1
li olin ala sin e	1
li awen sin e	1
li sitelen ala sin e	1
li toki ala toki kin e	1
li lukin en jo e	1
li kama poka e	1
li lukin pali taso e	1
li pilin ala sin e	1
li wile telo e	1
li sona ala wawa e	1
li wile toki ante e	1
li moku ala kin e	1
li lukin ala lukin sin e	1
li pini kin e	1
li pona tawa sama e	1
li wile mute moku e	1
li lon ala lon kin e	1
li kepeken toki <prp> e	1
li ken pali kin e	1
li lawa pi ike mute e	1
li ken pi pona mute ali e	1
li ken pona pana e	1
li wile kama e	1
li pana luka e	1
li ken pali taso e	1
li pana ala kin e	1
li ken ala lukin pona e	1
li toki anpa e	1
li weka pi mute mute e	1
li lukin ala a e	1
li ken ala ike e	1
li lawa ala pi pona mute e	1
li pana sona pi pona mute e	1
li nasa mute e	1
li kama a sona a e	1
li wile en pali e	1
li open toki e	1
li wile mute kin e	1
li kama a sona e	1
li ken lete e	1
li anpa ni e	1
li alasa pona e	1
li awen ala kute e	1
li lukin open e	1
li ken sona wawa e	1
li kon e	1
li sona pi pona ali e	1
li sona ala jo e	1
li ken kepeken kin pi pona ali e	1
li ken a lawa e	1
li toki insa e	1
li pali pi pona ali e	1
li ken weka pona e	1
li pali tenpo wan pona e	1
li wile ala pona e	1
