tenpo pini la	844
tenpo ni la	501
tenpo ali la	329
tenpo kama la	246
tenpo ala la	220
tenpo suno ni la	198
tenpo seme la	189
tenpo mute la	179
tenpo wawa la	114
tenpo lili la	87
tenpo suno pini la	74
tenpo suno ali la	72
tenpo suno kama ni la	70
tenpo pimeja ni la	68
tenpo suno kama la	57
tenpo suno pini ni la	57
tenpo suli la	53
tenpo kama lili la	42
tenpo monsi la	41
tenpo pimeja pini la	37
tenpo pimeja la	37
tenpo la	31
tenpo pini lili la	24
tenpo wawa mute la	22
tenpo suno open la	20
tenpo wan la	19
tenpo suli seme la	19
tenpo pini ala la	18
tenpo suno ni ali la	18
tenpo sinpin la	18
tenpo pini ni la	16
tenpo pimeja ali la	16
tenpo mute lili la	16
tenpo seli la	16
tenpo suno la	15
tenpo mute ala la	15
tenpo sin la	14
tenpo ilo seme la	14
tenpo pimeja open ni la	14
tenpo pini poka la	13
tenpo mute seme la	13
tenpo sike pini la	13
tenpo wawa lili la	13
tenpo lete la	12
tenpo musi la	12
tenpo suno pi nanpa wan la	12
tenpo suno pi nanpa luka tu la	11
tenpo lili li pini la	11
tenpo kama ala la	11
tenpo ijo la	11
tenpo pimeja kama la	10
tenpo pimeja pini ni la	10
tenpo awen la	10
tenpo sama la	9
tenpo suno open ni la	9
tenpo sike mute la	8
tenpo pini ali la	8
tenpo mute pini la	8
tenpo suli mute la	8
tenpo sike pi lete lili la	8
tenpo ante la	7
tenpo suno tu wan la	7
tenpo lili pini la	7
tenpo ni kin la	7
tenpo nanpa wan la	7
tenpo ali ala la	7
tenpo pona la	7
tenpo pini seme la	7
tenpo pi mute seme la	6
tenpo esun pini la	6
tenpo wawa ala la	6
tenpo suno open ali la	6
tenpo pimeja open la	6
tenpo sike lili la	6
tenpo ilo pi luka luka la	6
tenpo pimeja ni ali la	6
tenpo lili taso la	6
tenpo ijo kama la	5
tenpo lili lili la	5
tenpo suno tu la	5
tenpo pi suli seme la	5
tenpo esun kama la	5
tenpo li pini la	5
tenpo kama lili li pini la	5
tenpo suli pini la	5
tenpo suno ali pi nanpa wan la	5
tenpo sin ala la	5
tenpo wan pini la	5
tenpo suli ala la	5
tenpo ilo pi luka tu wan la	5
tenpo suno insa la	5
tenpo seli ni la	5
tenpo suno mute la	4
tenpo open la	4
tenpo <prp> la	4
tenpo tu wan la	4
tenpo kama poka la	4
tenpo nanpa tu la	4
tenpo sike ali la	4
tenpo alasa la	4
tenpo tu la	4
tenpo lon mi la	4
tenpo lili mute la	4
tenpo mun ni la	4
tenpo sike ni la	4
tenpo monsi ike la	4
tenpo mun pi nanpa luka wan la	4
tenpo li kama la	4
tenpo sike tu wan la	3
tenpo pini suli la	3
tenpo pini mute la	3
tenpo lape la	3
tenpo mun ali la	3
tenpo sike kama la	3
tenpo wan taso la	3
tenpo luka tu wan la	3
tenpo pini wan la	3
tenpo sike pini tu la	3
tenpo pakala la	3
tenpo kama ni la	3
tenpo moku la	3
tenpo suno pi nanpa luka la	3
tenpo pi mi jan lili la	3
tenpo pi nanpa wan la	3
tenpo suno pi tu wan la	3
tenpo pi lili nasa la	3
tenpo kama ali la	3
tenpo suno insa ni la	3
tenpo suno ali ni la	3
tenpo sike tu la	3
tenpo ilo wan la	3
tenpo ijo pini la	3
tenpo mun pini ni la	3
tenpo pimeja open pini ni la	3
tenpo suno sin ali la	2
tenpo mute mute mute la	2
tenpo li tawa la	2
tenpo suno ni li kama la	2
tenpo li ante la	2
tenpo utala la	2
tenpo mute mute la	2
tenpo suno pi mute lili la	2
tenpo pini weka la	2
tenpo suno pi nanpa mute luka la	2
tenpo luka luka luka tu la	2
tenpo sike mute pini la	2
tenpo lete ni la	2
tenpo sike luka la	2
tenpo esun ni la	2
tenpo lili kama li pini la	2
tenpo esun ali la	2
tenpo suli li pini la	2
tenpo pi nanpa lili la	2
tenpo suno pini pi nanpa lili la	2
tenpo sike alasa la	2
tenpo suno sin ni la	2
tenpo ike la	2
tenpo mute ali la	2
tenpo ilo pi luka tu la	2
tenpo ilo pi tu tu la	2
tenpo suno pi luka tu la	2
tenpo mun pini tu la	2
tenpo ali ni la	2
tenpo ilo luka tu la	2
tenpo sike kama ni la	2
tenpo suli kin la	2
tenpo suno ni kin la	2
tenpo ala sin la	2
tenpo sike pi tu tu la	2
tenpo sama ni la	2
tenpo mun tu la	2
tenpo sike pini ni la	2
tenpo ilo pi luka wan la	2
tenpo sike <num> la	2
tenpo ilo tu wan la	2
tenpo lon sina la	2
tenpo lili pini poka la	2
tenpo mun kama ni la	2
tenpo seme en lon seme la	2
tenpo suno ali lili la	2
tenpo suno sin la	2
tenpo pimeja ali ni la	2
tenpo mi la	2
tenpo pi lili mi la	2
tenpo mute nanpa la	1
tenpo tu wan pi sike mun la	1
tenpo telo li pini la	1
tenpo mun kama pi luka wan la	1
tenpo pi tawa tan tomo tawa la	1
tenpo suno pi pali ala la	1
tenpo suno li kama la	1
tenpo tawa kama sona pi toki wan taso la	1
tenpo kama lili ni la	1
tenpo sina wile kama la	1
tenpo musi mama la	1
tenpo sike wan la	1
tenpo tawa mi mute la	1
tenpo tawa ma la	1
tenpo pi wile pini la	1
tenpo sitelen mi la	1
tenpo pali li pini la	1
tenpo ali pi kama suno la	1
tenpo kama ijo la	1
tenpo mu li kama la	1
tenpo lili lili taso la	1
tenpo pini lili pi nanpa luka luka la	1
tenpo open suno pi nanpa wan li kalama e kama ona li tawa pona tawa pini ona la	1
tenpo suno kama pi pali ala la	1
tenpo pimeja pini lili la	1
tenpo luka luka luka luka la	1
tenpo mun tu li pini la	1
tenpo mun luka wan li kama pini la	1
tenpo sike mute mute mute mute tu pini la	1
tenpo suno tu kama la	1
tenpo sike luka luka la	1
tenpo esun ali pini la	1
tenpo pi pini utala la	1
tenpo sike mute mute pini la	1
tenpo lili kama la	1
tenpo pi kasi kule la	1
tenpo suli suli pini la	1
tenpo suno wan la	1
tenpo mun luka wan li pini la	1
tenpo suno tu wan li pini la	1
tenpo lili kin la	1
tenpo ike li kama la	1
tenpo kama lili pini la	1
tenpo kama li pini la	1
tenpo mute mute mute mute tu la	1
tenpo seli kama la	1
tenpo sike luka pini la	1
tenpo esun li pini la	1
tenpo lete pini la	1
tenpo wan sin la	1
tenpo suno <prp> kama la	1
tenpo pi jan lili la	1
tenpo esun la	1
tenpo li pini ala la	1
tenpo suno ni li pona la	1
tenpo suno ali li pini la	1
tenpo pimeja ali li pini la	1
tenpo suno pi seli mute la	1
tenpo sike mute luka luka luka taso la	1
tenpo mun <prp> pini li pini la	1
tenpo sike pi mute mute sin pini la	1
tenpo esun tu wan la	1
tenpo pi moli ona la	1
tenpo pini pi suli seme la	1
tenpo namako la	1
tenpo pi mute lili la	1
tenpo pi kama suno ali la	1
tenpo tu tu la	1
tenpo luka la	1
tenpo pi nanpa sama la	1
tenpo pi nanpa mute la	1
tenpo tu sin la	1
tenpo suno tu wan pini la	1
tenpo tu wan pini la	1
tenpo suno tu li kama la	1
tenpo sike ali pi nanpa luka luka luka tu wan la	1
tenpo nanpa tu wan la	1
tenpo mun pini li open ala la	1
tenpo sike pi mute luka luka la	1
tenpo pi ali ala la	1
tenpo sike wan li pini la	1
tenpo kama lili li pini ala la	1
tenpo sike ali mute la	1
tenpo pi tawa weka sina la	1
tenpo seme li pini la	1
tenpo nanpa ali la	1
tenpo nanpa luka wan la	1
tenpo <prp> nanpa luka luka luka tu wan la	1
tenpo <prp> nanpa tu la	1
tenpo <prp> nanpa luka luka luka tu tu la	1
tenpo moli ona li pini la	1
tenpo pimeja pini ali la	1
tenpo sike tu wan pini la	1
tenpo sike pi lete lili ali la	1
tenpo sike pi lete lili pini la	1
tenpo kama pi lete lili la	1
tenpo seli lili la	1
tenpo mi pi jan lili la	1
tenpo pi suli mute la	1
tenpo suno kama nanpa tu la	1
tenpo open pali la	1
tenpo tu wan sin la	1
tenpo telo ni la	1
tenpo ni pi telo sewi la	1
tenpo <prp> ali la	1
tenpo pi pali mi la	1
tenpo nanpa mute mute mute mute tu wan la	1
tenpo pi lon mi la	1
tenpo pini kin la	1
tenpo suno pi wan mi la	1
tenpo suli li tawa la	1
tenpo pi tawa anpa pi suno la	1
tenpo open pi telo tan sewi la	1
tenpo sike nanpa <num> la	1
tenpo kama pini la	1
tenpo nanpa luka luka pi sike suno ali la	1
tenpo sin mute la	1
tenpo ali pini la	1
tenpo suno pona la	1
tenpo pi jan wawa e sijelo pi pona lukin la	1
tenpo sike pini pi tu wan la	1
tenpo pi telo sewi la	1
tenpo lili ni la	1
tenpo ali ona la	1
tenpo suli mute li lon la	1
tenpo wawa li kama pakala la	1
tenpo li kama ike tawa sina la	1
tenpo mun pi luka wan la	1
tenpo suno nanpa tu la	1
tenpo kin la	1
tenpo ni taso la	1
tenpo suno lili la	1
tenpo awen kin la	1
tenpo suli li seli la	1
tenpo sike ali pi jan <prp> la	1
tenpo suno pi open mute la	1
tenpo anu la	1
tenpo ni ala la	1
tenpo pi kama sona la	1
tenpo pi lape sina la	1
tenpo pimeja suli la	1
tenpo kepeken tan nimi ni la	1
tenpo pini pi jan lili la	1
tenpo mute li kama weka la	1
tenpo pona li kama tawa sina la	1
tenpo seli li kama la	1
tenpo lete li kama la	1
tenpo pini suno pi tu wan la	1
tenpo suli ni la	1
tenpo suli pi ken tan ona la	1
tenpo musi ona la	1
tenpo sike pini pi nanpa luka luka la	1
tenpo wawa pi lili mute la	1
tenpo suno pini pi tu wan la	1
tenpo suno ali pi nanpa luka tu la	1
tenpo lon ni la	1
tenpo ilo ali la	1
tenpo suno pini ni pi nanpa wan la	1
tenpo monsi e moku la	1
tenpo awen ni la	1
tenpo suno musi la	1
tenpo sin kama ala la	1
tenpo suno pini mute la	1
tenpo sike pini pi luka luka la	1
tenpo pi kasi moku <prp> la	1
tenpo lili wawa la	1
tenpo suno pi nanpa tu wan la	1
tenpo kama sin ala la	1
tenpo mani li mute ike ni la	1
tenpo pimeja li kama la	1
tenpo suno pi nimi mun la	1
tenpo suno <prp> la	1
tenpo suli pi nanpa luka luka la	1
tenpo open pimeja ali la	1
tenpo suno mute nanpa wan la	1
tenpo suno pali wan la	1
tenpo pi suli ike la	1
tenpo li kama suli la	1
tenpo pi tawa kulupu la	1
tenpo pimeja suli pini la	1
tenpo li pini pi mute ike la	1
tenpo sike jan li mute ike la	1
tenpo ni li weka la	1
tenpo ala anu seme la	1
tenpo ilo pi nanpa <num> la	1
tenpo ilo tu wan en mute la	1
tenpo weka la	1
tenpo ilo luka wan la	1
tenpo sike wan pini la	1
tenpo suno ni li pini ala la	1
tenpo suno luka tu la	1
tenpo sin ali la	1
tenpo suno kama pi nanpa luka tu la	1
tenpo suli lili la	1
tenpo li tawa lili la	1
tenpo suli ike la	1
tenpo monsi pi pakala ona la	1
tenpo li anpa e sina la	1
tenpo li kama anpa e sina la	1
tenpo seme en nasin seme la	1
tenpo suno ni ala la	1
tenpo sin seme la	1
tenpo suno ike la	1
tenpo pini li awen la	1
tenpo suno kama mi la	1
tenpo ni anu ala la	1
tenpo pimeja en kon walo la	1
tenpo li anpa e mi la	1
tenpo pini li pona la	1
tenpo suno open li lon sin mute la	1
tenpo pi nanpa tu wan la	1
tenpo lili li weka la	1
tenpo monsi li lon la	1
tenpo ilo tu tu la	1
tenpo wawa e len ona la	1
tenpo lon ali pi jan <prp> la	1
tenpo esun li ike la	1
tenpo pi lili mute la	1
tenpo suno pini pi nanpa luka tu la	1
tenpo pimeja ni li mun pi sike ali la	1
tenpo suno kama tu la	1
tenpo ilo pini wan la	1
tenpo sike pi nanpa <num> la	1
tenpo mute wawa la	1
tenpo ona pi tomo sona la	1
tenpo pimeja insa la	1
tenpo suno pi nanpa tu la	1
tenpo ali kin la	1
tenpo li kama wawa ala la	1
tenpo suno kama pi nanpa luka la	1
tenpo ilo pi luka luka tu la	1
tenpo lon ona la	1
tenpo pi jan <prp> la	1
tenpo wawa anu seme la	1
tenpo sike pini mute la	1
tenpo lon sina ali la	1
tenpo suno pi luka tu wan la	1
tenpo ilo pi luka tu tu la	1
tenpo ilo ijo pi tu tu la	1
tenpo suno pi nanpa tu en wan la	1
tenpo suno pi luka tu ni la	1
tenpo musi pini la	1
tenpo sike pini ali la	1
tenpo seli pini la	1
tenpo mun pi nanpa luka luka la	1
tenpo mun pi nanpa luka tu la	1
tenpo suno kama pi nanpa wan la	1
tenpo li kama weka la	1
tenpo sike suli li anpa la	1
tenpo open seme la	1
tenpo pimeja open ali ni la	1
tenpo suno sewi la	1
tenpo suno pimeja ni la	1
tenpo suno pini wan la	1
tenpo pi mute ala la	1
tenpo pimeja sin ali la	1
tenpo suno sike luka la	1
tenpo pi utala suli pi nanpa tu la	1
tenpo pi sina lon pakala la	1
tenpo seli pini ali la	1
tenpo pimeja open li kama la	1
tenpo pali la	1
tenpo mun <prp> la	1
tenpo suno nanpa luka tu wan la	1
tenpo seli pini ni la	1
tenpo lon ma ni la	1
tenpo pini ijo la	1
tenpo ali pi pini moku la	1
tenpo open ni la	1
tenpo pi ilo nanpa la	1
tenpo ilo lili luka luka luka tu wan la	1
tenpo kama poka li kama lon supa pi pali musi la	1
tenpo pi mi kama sona lon toki <prp> la	1
tenpo suno open wan la	1
tenpo seli kama ni la	1
tenpo sike seme la	1
tenpo sike suli la	1
tenpo mun pini ni pi luka wan la	1
tenpo suno open kama ni la	1
tenpo suno open kama la	1
tenpo lon ona ali la	1
tenpo nanpa mute la	1
tenpo suno pi mute lili li pini la	1
tenpo ilo li nanpa pi luka luka wan la	1
tenpo suli ilo wan li pini la	1
tenpo mute ilo luka la	1
tenpo pimeja kama ni la	1
tenpo mute seme en mute seme la	1
tenpo suno li lete la	1
tenpo lon ali la	1
tenpo suno kama ni pi nanpa luka tu la	1
tenpo suno li suli la	1
tenpo seli mute la	1
tenpo suno open ante la	1
tenpo suli li kama moli la	1
tenpo ilo suli pi tu wan la	1
tenpo monsi ike tan ijo la	1
tenpo suno pi kama pini la	1
tenpo ilo kama pi luka tu tu la	1
tenpo suno ali pi luka tu la	1
tenpo ilo pi nanpa luka la	1
tenpo ilo suli wan la	1
tenpo pi mi weka la	1
tenpo sike suli pini ni la	1
tenpo suno open ali ni la	1
tenpo suno open li kama la	1
tenpo ali lili la	1
tenpo pimeja wan la	1
tenpo sama mute la	1
tenpo suno sama la	1
tenpo ali pi suno kama la	1
tenpo suno kama ali la	1
tenpo suno open ni ali la	1
tenpo monsi pi mute ike la	1
tenpo pimeja nanpa pi luka luka tu la	1
tenpo pini mi la	1
tenpo <prp> monsi pi luka luka la	1
tenpo ilo luka la	1
tenpo suli ilo wan la	1
tenpo li kama ike tawa mi la	1
tenpo mute kin la	1
tenpo suno insa ali ni la	1
tenpo suno open pini ni la	1
tenpo suli tu la	1
tenpo suli pi luka luka tu wan la	1
tenpo li lili la	1
tenpo mun pi tu wan la	1
tenpo ilo nanpa pi luka luka wan la	1
tenpo lon suli la	1
tenpo suli <num> la	1
tenpo suli mi la	1
tenpo lon la	1
tenpo suli kama ni la	1
tenpo suli ilo pi luka wan la	1
tenpo mute wan li weka la	1
tenpo ilo nanpa pi luka wan la	1
tenpo suno pi nanpa luka wan la	1
tenpo musi li pini la	1
tenpo pimeja suli ni la	1
tenpo seli ni li lon la	1
tenpo pi mute ike la	1
tenpo nanpa pi luka tu wan la	1
tenpo musi pi mute en mute la	1
tenpo nanpa pi luka luka tu la	1
tenpo wawa lili pi mute sin la	1
tenpo pimeja kin la	1
tenpo ni li pini la	1
tenpo suno pi esun ala la	1
tenpo ni li pona la	1
tenpo pi ike mute la	1
tenpo pini seme pi sin nanpa wan la	1
tenpo kama lili a la	1
tenpo mun la	1
tenpo suno <prp> pini la	1
tenpo nanpa pini la	1
tenpo insa la	1
tenpo pi nanpa tu la	1
tenpo pi nanpa seme la	1
tenpo suno li kama pini la	1
tenpo sike lete li lon ma <prp> la	1
tenpo sike seli li lon ma <prp> la	1
tenpo sike pi seli lili li lon ma <prp> la	1
tenpo sike pi lete lili li lon ma <prp> la	1
tenpo kama suli ala la	1
tenpo sike seli la	1
